name,size,totalRevenue,industry,businessType,country,website
BinaryForge,LARGE,55274435,Software Development,B2C,HK,https://binaryforge.com
CodeCrafters,MEDIUM,13443863,Software Development,B2B,DK,https://codecrafters.com
NextGenSoftworks,MEDIUM,39781934,Software Development,B2B,DE,https://nextgensoftworks.com
PixelLogic,MEDIUM,5367836,Software Development,B2C,SG,https://pixellogic.com
DevNexus,MICRO,447161,Software Development,B2C,NL,https://devnexus.com
Syntax Innovations,MEDIUM,29919464,Software Development,B2B,CA,https://syntaxinnovations.com
AgileMind Studios,LARGE,214578133,Software Development,B2C,US,https://agilemindstudios.com
QuantumCode Labs,SMALL,4618696,Software Development,B2C,NL,https://quantumcodelabs.com
Skyline Software Solutions,MEDIUM,34590944,Software Development,B2C,SG,https://skylinesoftwaresolutions.com
EchoByte Technologies,SMALL,3213529,Software Development,B2B,CZ,https://echobytetechnologies.com
SiliconForge,MICRO,224133,Hardware & Semiconductor,B2B,EE,https://siliconforge.ee
QuantumCircuits,SMALL,2712771,Hardware & Semiconductor,B2B,DK,https://quantumcircuits.com
NextGen Chips,SMALL,2216830,Hardware & Semiconductor,B2C,KR,https://nextgenchips.com
Precision Silicon,MICRO,143289,Hardware & Semiconductor,B2C,US,https://precisionsilicon.com
NanoCore Technologies,SMALL,1242685,Hardware & Semiconductor,B2B,CA,https://nanocoretechnologies.com
Vortex Semiconductors,SMALL,4162863,Hardware & Semiconductor,B2B,JP,https://vortexsemiconductors.com
TitanChip Solutions,SMALL,3634172,Hardware & Semiconductor,B2B,AT,https://titanchipsolutions.com
HyperLogic Systems,MEDIUM,31131521,Hardware & Semiconductor,B2B,KR,https://hyperlogicsystems.com
Vertex Microelectronics,MICRO,490663,Hardware & Semiconductor,B2B,NZ,https://vertexmicroelectronics.com
Infinity Circuits,LARGE,232209837,Hardware & Semiconductor,B2B,CN,https://infinitycircuits.com
TechSavvy Solutions,LARGE,313663286,IT Services & Consulting,B2B,SG,https://techsavvysolutions.com
DigitalBridge Consulting,LARGE,145215914,IT Services & Consulting,B2C,SE,https://digitalbridgeconsulting.se
Nexus IT Services,SMALL,858633,IT Services & Consulting,B2B,NL,https://nexusitservices.com
CloudStride Consulting,MEDIUM,26879113,IT Services & Consulting,B2C,KR,https://cloudstrideconsulting.com
ByteLogic Advisors,LARGE,130207034,IT Services & Consulting,B2B,FR,https://bytelogicadvisors.com
FuturePath IT,MEDIUM,40393597,IT Services & Consulting,B2C,IL,https://futurepathit.com
InfiniTech Solutions,LARGE,194303952,IT Services & Consulting,B2C,NL,https://infinitechsolutions.nl
Apex IT Consulting,MICRO,36972,IT Services & Consulting,B2C,IL,https://apexitconsulting.com
Synergy Systems,SMALL,3507322,IT Services & Consulting,B2B,DK,https://synergysystems.com
Quantum IT Group,LARGE,84915450,IT Services & Consulting,B2B,IL,https://quantumitgroup.com
ShieldGuard Security,MICRO,457555,Cybersecurity,B2B,IS,https://shieldguardsecurity.com
CyberSentinel Solutions,LARGE,250679110,Cybersecurity,B2B,AT,https://cybersentinelsolutions.com
Fortress Cyber Defense,MEDIUM,19756355,Cybersecurity,B2B,SE,https://fortresscyberdefense.com
IronWall Security,LARGE,66531098,Cybersecurity,B2B,SE,https://ironwallsecurity.com
DarkNet Defenders,MICRO,269380,Cybersecurity,B2C,IL,https://darknetdefenders.com
Phantom Shield,SMALL,920356,Cybersecurity,B2B,KR,https://phantomshield.com
NextGen Cyber Armor,MICRO,302380,Cybersecurity,B2C,FI,https://nextgencyberarmor.com
ByteSafe Technologies,MICRO,220637,Cybersecurity,B2B,HK,https://bytesafetechnologies.com
SentinelX Security,SMALL,2219074,Cybersecurity,B2B,CH,https://sentinelxsecurity.com
Quantum Shield Systems,MEDIUM,29229311,Cybersecurity,B2C,SE,https://quantumshieldsystems.com
ConnectWave Networks,LARGE,69043889,Telecommunications,B2C,NZ,https://connectwavenetworks.com
InfinityTel Solutions,LARGE,67998527,Telecommunications,B2B,GB,https://infinitytelsolutions.com
SkyBridge Communications,SMALL,3181068,Telecommunications,B2C,AT,https://skybridgecommunications.com
QuantumTel Systems,LARGE,121756595,Telecommunications,B2C,PT,https://quantumtelsystems.com
GlobalLink Telecom,SMALL,829416,Telecommunications,B2C,AU,https://globallinktelecom.au
Vertex Connect,SMALL,1345317,Telecommunications,B2C,IS,https://vertexconnect.com
BlueSignal Networks,MEDIUM,45909564,Telecommunications,B2C,CH,https://bluesignalnetworks.com
NexusCom Solutions,LARGE,431819400,Telecommunications,B2B,SE,https://nexuscomsolutions.se
HyperNet Communications,MICRO,47110,Telecommunications,B2B,GB,https://hypernetcommunications.com
OmniWave Telecom,SMALL,1878904,Telecommunications,B2B,IL,https://omniwavetelecom.com
Nimbus Cloud Solutions,MICRO,145727,Cloud Computing,B2B,NL,https://nimbuscloudsolutions.com
SkyScale Computing,MEDIUM,23825054,Cloud Computing,B2C,CH,https://skyscalecomputing.com
QuantumCloud Systems,SMALL,3395323,Cloud Computing,B2B,KR,https://quantumcloudsystems.com
CloudMatrix Technologies,SMALL,1043091,Cloud Computing,B2B,SG,https://cloudmatrixtechnologies.com
StratusNet Services,SMALL,1529947,Cloud Computing,B2C,NO,https://stratusnetservices.com
Vertex Cloud Solutions,MEDIUM,12101881,Cloud Computing,B2C,IS,https://vertexcloudsolutions.com
HyperCloud Dynamics,MEDIUM,34161026,Cloud Computing,B2C,CN,https://hyperclouddynamics.com
OmniCloud Innovations,SMALL,596144,Cloud Computing,B2C,US,https://omnicloudinnovations.us
Elevate Cloud Services,MICRO,240736,Cloud Computing,B2C,KR,https://elevatecloudservices.com
BlueHorizon Cloud,SMALL,2366449,Cloud Computing,B2B,HK,https://bluehorizoncloud.hk
InsightSphere Analytics,MEDIUM,18968838,Data & Analytics,B2B,SE,https://insightsphereanalytics.com
DataVista Solutions,SMALL,4417515,Data & Analytics,B2B,GB,https://datavistasolutions.com
Quantum Data Insights,MEDIUM,20219108,Data & Analytics,B2C,SE,https://quantumdatainsights.com
Nexus Analytics,MICRO,393408,Data & Analytics,B2C,IL,https://nexusanalytics.com
BrightMetrics,SMALL,690654,Data & Analytics,B2C,SE,https://brightmetrics.com
DataPulse Technologies,LARGE,178084609,Data & Analytics,B2B,SE,https://datapulsetechnologies.com
InfoGenius Analytics,SMALL,3791940,Data & Analytics,B2B,US,https://infogeniusanalytics.com
OmniData Systems,MEDIUM,45570159,Data & Analytics,B2C,NZ,https://omnidatasystems.com
NextGen Insights,MEDIUM,22598843,Data & Analytics,B2B,KR,https://nextgeninsights.com
Precision Analytics Group,MEDIUM,47271724,Data & Analytics,B2C,JP,https://precisionanalyticsgroup.com
NeuralEdge AI,LARGE,342777598,Artificial Intelligence & Machine Learning,B2B,SG,https://neuraledgeai.com
Synapse AI Systems,LARGE,194959841,Artificial Intelligence & Machine Learning,B2B,PT,https://synapseaisystems.com
CognitiveWave Solutions,MEDIUM,21222577,Artificial Intelligence & Machine Learning,B2B,SG,https://cognitivewavesolutions.com
QuantumMind AI,MICRO,360645,Artificial Intelligence & Machine Learning,B2B,SG,https://quantummindai.com
DeepLogic Innovations,SMALL,2373580,Artificial Intelligence & Machine Learning,B2C,FR,https://deeplogicinnovations.com
Apex Machine Learning,SMALL,2942498,Artificial Intelligence & Machine Learning,B2C,US,https://apexmachinelearning.com
OmniBrain Technologies,SMALL,2533474,Artificial Intelligence & Machine Learning,B2B,HK,https://omnibraintechnologies.com
SentientAI Labs,LARGE,450212715,Artificial Intelligence & Machine Learning,B2C,KR,https://sentientailabs.com
Nexus Neural Networks,MEDIUM,13554013,Artificial Intelligence & Machine Learning,B2C,IT,https://nexusneuralnetworks.com
Infinity AI Solutions,MICRO,314921,Artificial Intelligence & Machine Learning,B2B,CN,https://infinityaisolutions.com
CryptoForge Solutions,MICRO,440830,Blockchain & Cryptocurrency,B2B,SE,https://cryptoforgesolutions.com
NexusChain Technologies,LARGE,454105772,Blockchain & Cryptocurrency,B2C,US,https://nexuschaintechnologies.com
Quantum Ledger Systems,SMALL,4292248,Blockchain & Cryptocurrency,B2C,IE,https://quantumledgersystems.com
BlockHorizon,SMALL,3437957,Blockchain & Cryptocurrency,B2B,IL,https://blockhorizon.com
OmniChain Innovations,LARGE,312155031,Blockchain & Cryptocurrency,B2B,HK,https://omnichaininnovations.com
Vertex Blockchain,SMALL,2183581,Blockchain & Cryptocurrency,B2B,AT,https://vertexblockchain.com
SecureLedger Tech,MICRO,446482,Blockchain & Cryptocurrency,B2C,KR,https://secureledgertech.kr
Infinity Crypto Solutions,SMALL,4046484,Blockchain & Cryptocurrency,B2B,CH,https://infinitycryptosolutions.com
HyperChain Systems,MEDIUM,11965277,Blockchain & Cryptocurrency,B2B,CH,https://hyperchainsystems.com
Sentinel Blockchain Security,SMALL,4507728,Blockchain & Cryptocurrency,B2C,SG,https://sentinelblockchainsecurity.com
IoT Nexus,MICRO,268680,Internet of Things,B2C,SE,https://iotnexus.com
SmartMesh Solutions,LARGE,116619840,Internet of Things,B2C,IL,https://smartmeshsolutions.com
Connected Wave,LARGE,112406801,Internet of Things,B2C,FR,https://connectedwave.com
IoT Synergy,MEDIUM,48803909,Internet of Things,B2B,NL,https://iotsynergy.com
Quantum Link,MEDIUM,42339123,Internet of Things,B2C,FR,https://quantumlink.com
SensorSphere,MICRO,370663,Internet of Things,B2C,KR,https://sensorsphere.com
NextGen IoT,LARGE,168299443,Internet of Things,B2B,HK,https://nextgeniot.com
OmniLink Networks,LARGE,125317209,Internet of Things,B2B,NZ,https://omnilinknetworks.com
EdgeSync,MEDIUM,29476066,Internet of Things,B2C,CA,https://edgesync.com
NeuraConnect,MEDIUM,21859915,Internet of Things,B2B,CA,https://neuraconnect.com
AdVantage Digital,MEDIUM,13185314,Digital Marketing & Advertising,B2B,FR,https://advantagedigital.com
MarTech Wizards,MEDIUM,44358810,Digital Marketing & Advertising,B2C,DE,https://martechwizards.com
ClickCraft,MEDIUM,32661136,Digital Marketing & Advertising,B2C,KR,https://clickcraft.com
AdElevate,MICRO,409108,Digital Marketing & Advertising,B2B,US,https://adelevate.com
BrandBoost Media,MICRO,388922,Digital Marketing & Advertising,B2B,US,https://brandboostmedia.com
ViralEdge,LARGE,122827579,Digital Marketing & Advertising,B2B,DE,https://viraledge.de
OmniReach Ads,LARGE,299206958,Digital Marketing & Advertising,B2B,SG,https://omnireachads.com
Engage360,MEDIUM,40392224,Digital Marketing & Advertising,B2B,US,https://engage360.com
Visionary Clicks,MICRO,123310,Digital Marketing & Advertising,B2B,EE,https://visionaryclicks.com
Momentum Marketing,MICRO,224707,Digital Marketing & Advertising,B2C,JP,https://momentummarketing.jp
ShopSphere,MICRO,320815,E-commerce & Online Marketplaces,B2B,DK,https://shopsphere.com
TradeHorizon,MICRO,26739,E-commerce & Online Marketplaces,B2C,AT,https://tradehorizon.com
E-Market Innovators,MICRO,144269,E-commerce & Online Marketplaces,B2C,CH,https://e-marketinnovators.com
BuySmart,MICRO,471301,E-commerce & Online Marketplaces,B2C,US,https://buysmart.us
OmniCart Solutions,MEDIUM,49548878,E-commerce & Online Marketplaces,B2C,FI,https://omnicartsolutions.com
QuickCommerce,SMALL,2775328,E-commerce & Online Marketplaces,B2B,SG,https://quickcommerce.com
Global Bazaar,SMALL,2432618,E-commerce & Online Marketplaces,B2B,NL,https://globalbazaar.com
TrendHaven,MEDIUM,13265155,E-commerce & Online Marketplaces,B2C,US,https://trendhaven.com
WebCart Express,MICRO,35809,E-commerce & Online Marketplaces,B2C,US,https://webcartexpress.com
NextGen Marketplace,MICRO,387442,E-commerce & Online Marketplaces,B2C,NL,https://nextgenmarketplace.com
NextPlay Edge,MICRO,298299,Gaming & Interactive Entertainment,B2B,IL,https://nextplayedge.com
Epic Labs,MICRO,231083,Gaming & Interactive Entertainment,B2B,NL,https://epiclabs.com
Glitch Edge,SMALL,2126780,Gaming & Interactive Entertainment,B2B,DE,https://glitchedge.com
Neon Hub,LARGE,60363174,Gaming & Interactive Entertainment,B2B,DK,https://neonhub.com
Glitch Networks,SMALL,1374689,Gaming & Interactive Entertainment,B2C,CH,https://glitchnetworks.ch
Quantum Edge,SMALL,2729351,Gaming & Interactive Entertainment,B2B,NL,https://quantumedge.com
PlayVerse Tech,MICRO,307690,Gaming & Interactive Entertainment,B2B,CH,https://playversetech.com
GameX Ventures,MICRO,319874,Gaming & Interactive Entertainment,B2B,HK,https://gamexventures.hk
ZPT Games,LARGE,393424316,Gaming & Interactive Entertainment,B2B,KR,https://zptgames.com
Quantum Systems,MICRO,229491,Gaming & Interactive Entertainment,B2B,FI,https://quantumsystems.com
FinNova Ventures,MICRO,17647,Fintech,B2C,SE,https://finnovaventures.com
PaySync Edge,SMALL,4361419,Fintech,B2B,NZ,https://paysyncedge.com
QuantumBank Edge,LARGE,334499388,Fintech,B2B,KR,https://quantumbankedge.com
BlockWealth Systems,SMALL,576038,Fintech,B2B,CA,https://blockwealthsystems.com
SwiftFund Tech,LARGE,121848435,Fintech,B2B,IL,https://swiftfundtech.com
PaySync Networks,MICRO,201999,Fintech,B2B,LU,https://paysyncnetworks.com
BlockWealth Networks,MICRO,97624,Fintech,B2B,KR,https://blockwealthnetworks.kr
QuantumBank Solutions,LARGE,150058409,Fintech,B2B,EE,https://quantumbanksolutions.com
CrediFlow Solutions,SMALL,2696319,Fintech,B2B,CA,https://crediflowsolutions.com
WealthTech Ventures,MEDIUM,41779627,Fintech,B2B,SE,https://wealthtechventures.se
SmartScholars Innovations,SMALL,3054965,EdTech,B2C,CH,https://smartscholarsinnovations.com
EduVerse Hub,MEDIUM,32093482,EdTech,B2B,DK,https://eduversehub.com
Brainz,LARGE,393668114,EdTech,B2B,IE,https://brainz.com
SmartScholars Networks,MEDIUM,23749744,EdTech,B2B,LU,https://smartscholarsnetworks.com
NeoLearn Edge,MEDIUM,5586055,EdTech,B2B,AT,https://neolearnedge.com
NextGenEdu Edge,LARGE,156568142,EdTech,B2B,FR,https://nextgeneduedge.com
SmartScholars Systems,SMALL,4582073,EdTech,B2B,SE,https://smartscholarssystems.com
SmartScholars Solutions,MEDIUM,35968587,EdTech,B2C,SE,https://smartscholarssolutions.com
LearnSync Hub,MEDIUM,26159277,EdTech,B2C,IL,https://learnsynchub.com
Academix Solutions,SMALL,1435593,EdTech,B2B,DK,https://academixsolutions.com
VitalEdge Ventures,MEDIUM,21881597,HealthTech,B2C,IL,https://vitaledgeventures.com
WellnessAI Ventures,SMALL,3538619,HealthTech,B2B,SE,https://wellnessaiventures.com
SmartCare Systems,MICRO,208212,HealthTech,B2B,IL,https://smartcaresystems.com
BioNext Tech,MEDIUM,18895103,HealthTech,B2C,CA,https://bionexttech.com
WellnessAI Solutions,SMALL,4816537,HealthTech,B2B,SG,https://wellnessaisolutions.com
NeoHealth Hub,LARGE,452137575,HealthTech,B2B,US,https://neohealthhub.us
MedSphere Networks,MEDIUM,42056527,HealthTech,B2B,CH,https://medspherenetworks.com
BioNext Solutions,MEDIUM,43858016,HealthTech,B2C,SG,https://bionextsolutions.com
HealthNova Ventures,LARGE,227031051,HealthTech,B2C,FR,https://healthnovaventures.com
SmartCare Networks,SMALL,3910188,HealthTech,B2B,IS,https://smartcarenetworks.com
ContentEdge Networks,MICRO,100884,Media & Content Streaming,B2B,GB,https://contentedgenetworks.com
ContentEdge Solutions,MEDIUM,42711342,Media & Content Streaming,B2C,CN,https://contentedgesolutions.cn
StreamX Edge,LARGE,167027099,Media & Content Streaming,B2B,NO,https://streamxedge.com
MediaFlow Hub,MICRO,283048,Media & Content Streaming,B2C,US,https://mediaflowhub.com
CineVerse Hub,MEDIUM,22720988,Media & Content Streaming,B2B,CA,https://cineversehub.ca
EpicStream Tech,LARGE,368717745,Media & Content Streaming,B2B,KR,https://epicstreamtech.com
CineVerse Tech,MEDIUM,37083185,Media & Content Streaming,B2C,LU,https://cineversetech.lu
StreamX Networks,MICRO,445489,Media & Content Streaming,B2C,DE,https://streamxnetworks.com
NextCast Edge,LARGE,295453227,Media & Content Streaming,B2B,DE,https://nextcastedge.com
NovaMedia Dynamics,SMALL,4762851,Media & Content Streaming,B2C,US,https://novamediadynamics.com
NeonXR Networks,MICRO,305759,Augmented Reality & Virtual Reality,B2B,IS,https://neonxrnetworks.com
Augmenta Tech,MICRO,359803,Augmented Reality & Virtual Reality,B2B,FR,https://augmentatech.com
NextReality Innovations,MEDIUM,39422059,Augmented Reality & Virtual Reality,B2B,US,https://nextrealityinnovations.com
HoloSync Ventures,MEDIUM,31176618,Augmented Reality & Virtual Reality,B2B,CZ,https://holosyncventures.com
CyberVerse Networks,SMALL,2886322,Augmented Reality & Virtual Reality,B2C,NL,https://cyberversenetworks.com
ARFusion Ventures,LARGE,81811868,Augmented Reality & Virtual Reality,B2C,GB,https://arfusionventures.com
DreamXR Hub,SMALL,635740,Augmented Reality & Virtual Reality,B2C,SG,https://dreamxrhub.sg
NeonXR Innovations,SMALL,822507,Augmented Reality & Virtual Reality,B2B,DE,https://neonxrinnovations.com
CypherVille,MICRO,418132,Augmented Reality & Virtual Reality,B2C,SG,https://cypherville.com
CyberVerse Edge,LARGE,458029345,Augmented Reality & Virtual Reality,B2C,DK,https://cyberverseedge.dk
CitySphere Labs,SMALL,4016158,Smart Infrastructure & Smart Cities,B2C,NL,https://cityspherelabs.com
NextGenSmart Hub,MICRO,219643,Smart Infrastructure & Smart Cities,B2C,SE,https://nextgensmarthub.com
SmartGrid Solutions,MEDIUM,12025595,Smart Infrastructure & Smart Cities,B2B,NO,https://smartgridsolutions.com
MetroTech Ventures,MICRO,478248,Smart Infrastructure & Smart Cities,B2B,FR,https://metrotechventures.com
UrbanEdge Solutions,LARGE,113843873,Smart Infrastructure & Smart Cities,B2B,KR,https://urbanedgesolutions.com
NextGenSmart Edge,SMALL,812767,Smart Infrastructure & Smart Cities,B2C,SE,https://nextgensmartedge.com
MetroTech Systems,LARGE,167132315,Smart Infrastructure & Smart Cities,B2B,SE,https://metrotechsystems.se
MetroTech Innovations,MICRO,380943,Smart Infrastructure & Smart Cities,B2B,NZ,https://metrotechinnovations.nz
CitySphere Solutions,SMALL,4482944,Smart Infrastructure & Smart Cities,B2B,DK,https://cityspheresolutions.com
SmartGrid Systems,MICRO,329788,Smart Infrastructure & Smart Cities,B2C,IE,https://smartgridsystems.com
SmartMachines Systems,SMALL,1084601,Automation & Robotics,B2B,CH,https://smartmachinessystems.com
FutureBots Networks,MEDIUM,14909656,Automation & Robotics,B2C,LU,https://futurebotsnetworks.lu
IRobotics,LARGE,245917696,Automation & Robotics,B2C,NL,https://irobotics.com
MechaSync Innovations,SMALL,3499310,Automation & Robotics,B2C,DK,https://mechasyncinnovations.com
RoboSphere Tech,SMALL,2161513,Automation & Robotics,B2C,FR,https://robospheretech.com
FutureBots Systems,MICRO,274843,Automation & Robotics,B2C,KR,https://futurebotssystems.com
RoboLink Systems,SMALL,862423,Automation & Robotics,B2C,FI,https://robolinksystems.fi
AI-Mech Networks,MICRO,133460,Automation & Robotics,B2B,DE,https://ai-mechnetworks.com
RoboNext Edge,MEDIUM,17590217,Automation & Robotics,B2C,CN,https://robonextedge.com
SmartMachines Edge,MICRO,342536,Automation & Robotics,B2C,FR,https://smartmachinesedge.com
QubitEdge Solutions,SMALL,4317548,Quantum Computing,B2B,CH,https://qubitedgesolutions.com
NextQubit Innovations,LARGE,163222246,Quantum Computing,B2B,EE,https://nextqubitinnovations.com
QWave Ventures,MEDIUM,15721029,Quantum Computing,B2C,IL,https://qwaveventures.com
QuantumLogic Hub,MICRO,231004,Quantum Computing,B2C,CN,https://quantumlogichub.com
QuantumCore Dynamics,MEDIUM,20080281,Quantum Computing,B2C,CH,https://quantumcoredynamics.com
NextQubit Dynamics,LARGE,364408502,Quantum Computing,B2B,CA,https://nextqubitdynamics.com
QubitTech Tech,MEDIUM,38203048,Quantum Computing,B2B,CA,https://qubittechtech.com
QuantumCore Systems,LARGE,366367206,Quantum Computing,B2C,DE,https://quantumcoresystems.com
HyperQ Ventures,MICRO,498772,Quantum Computing,B2B,AU,https://hyperqventures.au
QuantumComputingNexus,LARGE,321410593,Quantum Computing,B2B,FR,https://quantumcomputingnexus.com
Radiant 5G,MEDIUM,34451669,5G & Next-Gen Wireless Technology,B2B,HK,http://radiant5g.com
RapidLink,MEDIUM,39753264,5G & Next-Gen Wireless Technology,B2B,FR,https://rapidlink.com
AerialNet,MICRO,399786,5G & Next-Gen Wireless Technology,B2B,GB,https://aerialnet.com
EvoNext,LARGE,244613234,5G & Next-Gen Wireless Technology,B2C,NL,https://evonext.com
SwiftConnect,MICRO,416121,5G & Next-Gen Wireless Technology,B2C,KR,https://swiftconnect.com
Connectera,MEDIUM,17088033,5G & Next-Gen Wireless Technology,B2C,AU,https://connectera.com
InfinitiWave,LARGE,489032531,5G & Next-Gen Wireless Technology,B2B,GB,https://infinitiwave.com
TerraBeam,MEDIUM,9691818,5G & Next-Gen Wireless Technology,B2C,US,https://terrabeam.com
SpectraLink,LARGE,343315252,5G & Next-Gen Wireless Technology,B2B,IL,https://spectralink.com
Skywire,SMALL,4546588,5G & Next-Gen Wireless Technology,B2B,AT,https://skywire.com
AutoZen,SMALL,2763574,Autonomous Vehicles & Mobility Technology,B2C,NL,https://autozen.com
Fluicity,LARGE,78559753,Autonomous Vehicles & Mobility Technology,B2B,KR,https://fluicity.com
Robotaxi,SMALL,2847889,Autonomous Vehicles & Mobility Technology,B2C,LU,https://robotaxi.com
Commutus,SMALL,1596040,Autonomous Vehicles & Mobility Technology,B2C,SG,https://commutus.com
Vexel,LARGE,100538368,Autonomous Vehicles & Mobility Technology,B2B,BE,https://vexel.com
BetterWay,MEDIUM,31256316,Autonomous Vehicles & Mobility Technology,B2B,NL,https://betterway.com
Zubigo,MICRO,179893,Autonomous Vehicles & Mobility Technology,B2C,CN,https://zubigo.com
RevolveDrive,SMALL,3103327,Autonomous Vehicles & Mobility Technology,B2B,NO,https://revolvedrive.com
BlueMove,MEDIUM,18325444,Autonomous Vehicles & Mobility Technology,B2C,NL,https://bluemove.com
AetherRoad,MEDIUM,17039450,Autonomous Vehicles & Mobility Technology,B2B,GB,https://aetherroad.gb
Digiversal,SMALL,2667490,Digital Twin Technology,B2B,NO,https://digiversal.no
Virtudata,MEDIUM,19663148,Digital Twin Technology,B2C,BE,https://virtudata.com
Novascape,LARGE,160801176,Digital Twin Technology,B2C,NO,https://novascape.com
Simulos,LARGE,322125955,Digital Twin Technology,B2C,DE,https://simulos.com
TwinData,SMALL,3368303,Digital Twin Technology,B2B,CN,https://twindata.com
DataMI,MEDIUM,47162241,Digital Twin Technology,B2C,AU,https://datami.com
Digitex,SMALL,3183586,Digital Twin Technology,B2B,NZ,https://digitex.com
Innoverse,MEDIUM,5938902,Digital Twin Technology,B2B,KR,https://innoverse.com
NearReality,MEDIUM,25393697,Digital Twin Technology,B2C,NL,https://nearreality.com
Syntelligence,SMALL,2871216,Digital Twin Technology,B2B,CH,https://syntelligence.com
DataDynamix,LARGE,157112926,MarTech,B2C,EE,https://datadynamix.com
CollectiveAI,LARGE,226212220,MarTech,B2C,IE,https://collectiveai.ie
SignalAI,LARGE,138822417,MarTech,B2B,GB,https://signalai.com
AudiencePlus,SMALL,1447881,MarTech,B2C,FR,https://audienceplus.com
PulseAnalytics,LARGE,233477570,MarTech,B2C,IL,https://pulseanalytics.il
SocialMP,MEDIUM,17519598,MarTech,B2B,GB,https://socialmp.com
Personalytix,SMALL,4143830,MarTech,B2B,CA,https://personalytix.com
SocialPilot,SMALL,3230439,MarTech,B2C,CA,https://socialpilot.com
Cliklytics,MEDIUM,25622722,MarTech,B2C,HK,https://cliklytics.hk
Valence Marketing,LARGE,420637042,MarTech,B2B,FI,https://valencemarketing.com
Estatelens,LARGE,299500000,PropTech,B2C,CH,https://estatelens.com
TrueTours,MEDIUM,33001606,PropTech,B2B,BE,https://truetours.be
VirtualRez,LARGE,203859509,PropTech,B2C,SG,https://virtualrez.com
Virtutour,LARGE,463897036,PropTech,B2B,DK,https://virtutour.com
VPMBase,SMALL,868861,PropTech,B2C,FI,https://vpmbase.com
Propello,MICRO,102159,PropTech,B2C,NO,https://propello.com
Dwellio,MICRO,491684,PropTech,B2C,CH,https://dwellio.com
Landscribe,SMALL,1412702,PropTech,B2B,NL,https://landscribe.com
Verisage,MEDIUM,23013426,PropTech,B2C,LU,https://verisage.com
CloudRE,MEDIUM,20162254,PropTech,B2C,GB,https://cloudre.gb
Insurify,SMALL,3936978,InsurTech,B2B,NZ,https://insurify.com
Botsure,LARGE,114151503,InsurTech,B2B,AT,https://botsure.at
Diaware,LARGE,249481797,InsurTech,B2B,JP,https://diaware.com
Assureware,SMALL,1566500,InsurTech,B2C,CA,https://assureware.ca
Axiomatical,SMALL,1589373,InsurTech,B2C,SE,https://axiomatical.com
Aifinity,LARGE,305935618,InsurTech,B2C,CN,https://aifinity.cn
Insuravision,LARGE,145410301,InsurTech,B2B,FI,https://insuravision.com
PolicyLens,MICRO,306693,InsurTech,B2B,GB,https://policylens.com
Intellrisk,SMALL,1546788,InsurTech,B2B,US,https://intellrisk.com
InsurAnalytics,MICRO,408180,InsurTech,B2C,SG,https://insuranalytics.com
ClearCheck,MICRO,77454,RegTech,B2C,CH,https://clearcheck.com
SafeKey,MICRO,173825,RegTech,B2B,IT,https://safekey.com
SecureScan,LARGE,91123658,RegTech,B2B,SE,https://securescan.com
ProofStack,MEDIUM,49487273,RegTech,B2B,IE,https://proofstack.ie
RiskID,MEDIUM,21727316,RegTech,B2C,JP,https://riskid.jp
Regassured,MEDIUM,31013455,RegTech,B2B,IS,https://regassured.com
CorrectCase,LARGE,221994232,RegTech,B2C,US,https://correctcase.com
Validify,MEDIUM,30326472,RegTech,B2C,CN,https://validify.com
Verifai,LARGE,353630394,RegTech,B2C,CA,https://verifai.com
RegAssist,MICRO,270565,RegTech,B2C,NO,https://regassist.com
GovTalk,LARGE,356760858,GovTech,B2B,DE,https://govtalk.de
CivicHub,MEDIUM,5769631,GovTech,B2C,CZ,https://civichub.com
CitizenAI,LARGE,56973721,GovTech,B2B,FR,https://citizenai.com
IntelliGov,LARGE,353876383,GovTech,B2C,BE,https://intelligov.com
OpenDataPublic,MICRO,66292,GovTech,B2B,FI,https://opendatapublic.com
Civitize,MICRO,252170,GovTech,B2B,IT,https://civitize.com
Communify,SMALL,1220662,GovTech,B2C,JP,https://communify.com
PublicLink,SMALL,2757714,GovTech,B2C,GB,https://publiclink.com
DigiCivics,SMALL,937191,GovTech,B2B,AT,https://digicivics.com
VoxCities,SMALL,2150434,GovTech,B2B,IE,https://voxcities.com
EcoNova Solutions,LARGE,399231329,Greentech & Sustainable Technology,B2C,CN,https://econovasolutions.cn
VerdeTech Innovations,MICRO,332838,Greentech & Sustainable Technology,B2C,DE,https://verdetech.com
SustainaGen,SMALL,1254345,Greentech & Sustainable Technology,B2C,AT,https://sustainagen.com
GreenPulse Energy,SMALL,734643,Greentech & Sustainable Technology,B2C,NL,https://greenpulse.com
RenewEarth Systems,MEDIUM,48665876,Greentech & Sustainable Technology,B2C,DE,https://renewearth.de
BluePlanet Renewables,MEDIUM,33800491,Greentech & Sustainable Technology,B2C,SE,https://blueplanet.com
NextGen EcoTech,SMALL,1468691,Greentech & Sustainable Technology,B2B,IL,https://nextgenecotech.com
Solaris Future,LARGE,231476140,Greentech & Sustainable Technology,B2B,SE,https://solarisfuture.com
EnviroWave Tech,LARGE,94082476,Greentech & Sustainable Technology,B2C,AU,https://envirowave.com
ZeroCarbon Dynamics,MEDIUM,6789932,Greentech & Sustainable Technology,B2B,NL,https://zerocarbon.com
AgriNext Solutions,MICRO,62935,Agritech,B2B,NZ,https://agrinext.com
FarmTech Dynamics,SMALL,1544213,Agritech,B2C,SE,https://farmtech.com
CropGenius AI,MICRO,454960,Agritech,B2C,US,https://cropgenius.com
HarvestIQ,LARGE,329087306,Agritech,B2C,IE,https://harvestiq.com
SoilSense Analytics,MEDIUM,39812053,Agritech,B2B,US,https://soilsense.us
SmartFarm Innovations,LARGE,361229839,Agritech,B2C,JP,https://smartfarm.com
AgroVision Labs,SMALL,620922,Agritech,B2C,US,https://agrovision.com
FutureYield Technologies,MEDIUM,38560220,Agritech,B2B,FI,https://futureyield.com
BioGrow Systems,MEDIUM,35354029,Agritech,B2B,NO,https://biogrow.com
PrecisionAg AI,MEDIUM,17920633,Agritech,B2C,IE,https://precisionag.ie
LexiTech Solutions,LARGE,178230764,LegalTech,B2B,CH,https://lexitech.com
JurisAI,MEDIUM,17379191,LegalTech,B2C,JP,https://jurisai.com
LawBotics,MICRO,157541,LegalTech,B2C,DE,https://lawbotics.de
RegulaTech,SMALL,3686346,LegalTech,B2B,AT,https://regulatech.com
LegalEase AI,SMALL,537086,LegalTech,B2C,FR,https://legalease.fr
CaseSmart Analytics,MEDIUM,34018781,LegalTech,B2B,IE,https://casesmart.com
Veridoc Systems,LARGE,90435106,LegalTech,B2B,DK,https://veridoc.com
CourtFlow Technologies,MEDIUM,42151256,LegalTech,B2C,HK,https://courtflow.com
ComplianceHub,SMALL,3463319,LegalTech,B2C,US,https://compliancehub.com
LawSync Innovations,MEDIUM,43073785,LegalTech,B2C,SG,https://lawsync.sg
BioNext Genomics,MEDIUM,10315750,Biotech & Bioinformatics,B2C,FR,https://bionextgenomics.com
GenomeTech Innovations,MICRO,90128,Biotech & Bioinformatics,B2B,IL,https://genometech.com
LifeCode Analytics,MICRO,191341,Biotech & Bioinformatics,B2B,GB,https://lifecode.com
NanoMed Systems,SMALL,1501702,Biotech & Bioinformatics,B2B,US,https://nanomed.com
BioInformatica Labs,MEDIUM,26355591,Biotech & Bioinformatics,B2C,US,https://bioinformatica.com
PrecisionBio AI,MEDIUM,20605830,Biotech & Bioinformatics,B2C,US,https://precisionbio.com
NextGen Biotech,MICRO,484933,Biotech & Bioinformatics,B2B,DE,https://nextgenbiotech.com
MediGenome Solutions,MICRO,27356,Biotech & Bioinformatics,B2B,SG,https://medigenome.com
GeneticInsight AI,MEDIUM,16071859,Biotech & Bioinformatics,B2C,GB,https://geneticinsight.com
OmicsData Systems,SMALL,2138153,Biotech & Bioinformatics,B2B,US,https://omicsdata.com
MetaSphere Labs,MEDIUM,43578478,Metaverse & Web3,B2C,AU,https://metasphere.com
Web3 Nexus,MEDIUM,7463117,Metaverse & Web3,B2C,AU,https://web3nexus.com
VirtuaWorlds,MICRO,145819,Metaverse & Web3,B2B,ES,https://virtuaworlds.com
DecentralGrid,MEDIUM,10077353,Metaverse & Web3,B2B,KR,https://decentralgrid.com
HorizonVerse,LARGE,353349134,Metaverse & Web3,B2C,CH,https://horizonverse.com
NFTGalaxy,MICRO,431946,Metaverse & Web3,B2C,CA,https://nftgalaxy.ca
MetaFusion Studios,MICRO,233451,Metaverse & Web3,B2C,NL,https://metafusion.com
ImmersiTech Labs,MICRO,45579,Metaverse & Web3,B2C,KR,https://immersitech.com
VRX Dynamics,SMALL,4120177,Metaverse & Web3,B2C,NL,https://vrxdynamics.com
ChainReality,MEDIUM,43116859,Metaverse & Web3,B2C,CN,https://chainreality.com
HyperCompute Solutions,MEDIUM,35642008,High-Performance Computing,B2C,FI,https://hypercompute.com
ExaScale Systems,SMALL,1954508,High-Performance Computing,B2C,IL,https://exascale.com
QuantumCore AI,SMALL,1316392,High-Performance Computing,B2B,NZ,https://quantumcore.com
ComputeGrid Networks,SMALL,1458282,High-Performance Computing,B2B,US,https://computegrid.us
PetaFlop Dynamics,LARGE,99641203,High-Performance Computing,B2B,SE,https://petaflop.com
NeuralSpeed Technologies,LARGE,497032354,High-Performance Computing,B2B,FR,https://neuralspeed.com
AccelCompute Labs,MEDIUM,47327344,High-Performance Computing,B2C,NL,https://accelcompute.com
NextGen HPC,MICRO,349087,High-Performance Computing,B2B,DK,https://nextgenhpc.com
MaxFlow Computing,SMALL,1230932,High-Performance Computing,B2C,DK,https://maxflow.com
InfinityCore Systems,LARGE,130832480,High-Performance Computing,B2B,GB,https://infinitycore.com
GigSphere Networks,SMALL,3137831,Crowdsourcing & Gig Economy Platforms,B2C,CA,https://gigsphere.com
TaskHive Solutions,SMALL,2773115,Crowdsourcing & Gig Economy Platforms,B2C,NL,https://taskhive.nl
FreelanceFusion,MEDIUM,19550122,Crowdsourcing & Gig Economy Platforms,B2B,NL,https://freelancefusion.com
CrowdTask Pro,MEDIUM,12837185,Crowdsourcing & Gig Economy Platforms,B2C,CH,https://crowdtask.com
CollabNation,MICRO,451357,Crowdsourcing & Gig Economy Platforms,B2B,FR,https://collabnation.com
WorkWave Hub,MEDIUM,12462177,Crowdsourcing & Gig Economy Platforms,B2B,IL,https://workwave.com
TalentMesh,LARGE,272412619,Crowdsourcing & Gig Economy Platforms,B2B,CA,https://talentmesh.com
GigConnect,LARGE,268606979,Crowdsourcing & Gig Economy Platforms,B2C,HK,https://gigconnect.com
SkillLink,SMALL,3386827,Crowdsourcing & Gig Economy Platforms,B2B,FR,https://skilllink.com
MicroTaskX,LARGE,263208561,Crowdsourcing & Gig Economy Platforms,B2B,GB,https://microtaskx.com
PrecisionMed AI,MICRO,463365,Personalized & Precision Medicine,B2C,FR,https://precisionmed.com
GenomicHealth Labs,SMALL,2953186,Personalized & Precision Medicine,B2B,BE,https://genomichealth.com
TailorCare Solutions,LARGE,334570008,Personalized & Precision Medicine,B2B,AT,https://tailorcare.com
PersonalizedMedTech,MICRO,470343,Personalized & Precision Medicine,B2B,KR,https://personalizedmed.com
BioFit Analytics,MICRO,129783,Personalized & Precision Medicine,B2C,IT,https://biofit.com
NanoCure Systems,MICRO,47098,Personalized & Precision Medicine,B2B,CH,https://nanocure.com
MediSync Precision,MEDIUM,21234471,Personalized & Precision Medicine,B2C,KR,https://medisync.kr
GenomeCare Tech,MEDIUM,26810140,Personalized & Precision Medicine,B2C,IS,https://genomecare.is
WellnessPath AI,MEDIUM,7945448,Personalized & Precision Medicine,B2B,DE,https://wellnesspath.com
TheraGenX,MICRO,255876,Personalized & Precision Medicine,B2C,SE,https://theragenx.com
NeuroWear Innovations,MICRO,54626,Human Augmentation & Wearable Implants,B2C,DK,https://neurowear.com
AugmentX Labs,MICRO,412861,Human Augmentation & Wearable Implants,B2B,DE,https://augmentx.com
CyberLimb Systems,LARGE,257337591,Human Augmentation & Wearable Implants,B2B,CA,https://cyberlimb.com
BioEnhance Tech,SMALL,2359370,Human Augmentation & Wearable Implants,B2B,CA,https://bioenhance.com
WearableX,MEDIUM,9692921,Human Augmentation & Wearable Implants,B2B,SG,https://wearablex.com
NeuralSync Technologies,SMALL,4909507,Human Augmentation & Wearable Implants,B2B,LU,https://neuralsync.com
BionicFuture,LARGE,317195279,Human Augmentation & Wearable Implants,B2B,AU,https://bionicfuture.au
BodySync Augmentations,MICRO,470640,Human Augmentation & Wearable Implants,B2B,NZ,https://bodysync.com
NextGen Wearables,MEDIUM,27102361,Human Augmentation & Wearable Implants,B2C,HK,https://nextgenwearables.com
SensoryBoost,MICRO,398784,Human Augmentation & Wearable Implants,B2C,NL,https://sensoryboost.com
CyberPhys Dynamics,MICRO,266501,Cyber-Physical Systems,B2C,CA,https://cyberphys.ca
MechaMind Systems,MEDIUM,18223233,Cyber-Physical Systems,B2B,CN,https://mechamind.com
PhysicalNet AI,MICRO,489040,Cyber-Physical Systems,B2B,KR,https://physicalnet.com
NeuralMech Solutions,MICRO,65889,Cyber-Physical Systems,B2C,SE,https://neuralmech.com
IntegratedCyberTech,LARGE,305045216,Cyber-Physical Systems,B2C,FR,https://integratedcyber.fr
RoboticNexus,MEDIUM,40717593,Cyber-Physical Systems,B2C,SE,https://roboticnexus.com
CyberMechanica,SMALL,4607507,Cyber-Physical Systems,B2B,SG,https://cybermechanica.sg
IoT-Physical Grid,MICRO,436301,Cyber-Physical Systems,B2B,SG,https://iotphysicalgrid.com
PhysioSync AI,SMALL,1046469,Cyber-Physical Systems,B2C,NO,https://physiosync.com
MechaLink Solutions,MICRO,144644,Cyber-Physical Systems,B2B,JP,https://mechalink.com
OrbitalLink Systems,SMALL,3319841,Space Technology & Satellite Communications,B2C,AT,https://orbitallink.com
StellarCom Networks,LARGE,345633792,Space Technology & Satellite Communications,B2C,SG,https://stellarcom.sg
SatNet Global,SMALL,2947743,Space Technology & Satellite Communications,B2C,SE,https://satnet.com
GalacticData Solutions,MICRO,381228,Space Technology & Satellite Communications,B2B,GB,https://galacticdata.com
QuantumSat Labs,MEDIUM,18229617,Space Technology & Satellite Communications,B2C,NZ,https://quantumsat.com
DeepSpaceCom,MICRO,120869,Space Technology & Satellite Communications,B2B,SE,https://deepspacecom.com
SatelliteSync Tech,MICRO,132635,Space Technology & Satellite Communications,B2B,CH,https://satellitesync.com
AstroWave Communications,LARGE,153251737,Space Technology & Satellite Communications,B2B,IL,https://astrowave.com
LunarLink Technologies,LARGE,450327971,Space Technology & Satellite Communications,B2C,DE,https://lunarlink.com
CosmosNet AI,LARGE,270403049,Space Technology & Satellite Communications,B2B,DE,https://cosmosnet.com
EdgeFlow Systems,MEDIUM,6566214,Edge Computing,B2B,CN,https://edgeflowsys.com
NextGen EdgeTech,MICRO,437112,Edge Computing,B2C,FR,https://nextgenedge.com
Peripheral Compute,SMALL,3271736,Edge Computing,B2C,GB,https://peripheralcompute.gb
EdgeSpeed Solutions,MEDIUM,49982892,Edge Computing,B2B,NO,https://edgespeed.com
Cloud Periphery,MEDIUM,14866338,Edge Computing,B2B,SE,https://cloudperiphery.com
Borderline AI,LARGE,319868346,Edge Computing,B2C,NL,https://borderlineai.com
Edge Matrix,LARGE,147476836,Edge Computing,B2C,KR,https://edgematrix.com
Frontline Compute,LARGE,417103556,Edge Computing,B2B,CA,https://frontlinecompute.com
NanoEdge Tech,MICRO,200690,Edge Computing,B2C,US,https://nanoedge.com
HyperEdge Systems,LARGE,209432213,Edge Computing,B2B,GB,https://hyperedge.gb
FogNet Solutions,MEDIUM,43283232,Fog Computing,B2C,DE,https://fognet.com
MistCloud Technologies,SMALL,1648952,Fog Computing,B2C,KR,https://mistcloud.com
Nebula Compute,MICRO,195421,Fog Computing,B2C,IL,https://nebulacompute.com
Distributed Fog Systems,SMALL,1583311,Fog Computing,B2C,NL,https://distfogsys.com
Low-Latency Cloud,MEDIUM,24873141,Fog Computing,B2B,JP,https://lowlatcloud.com
Horizon Fog Tech,LARGE,131265241,Fog Computing,B2B,IL,https://horizonfog.com
MicroFog Solutions,MEDIUM,24727377,Fog Computing,B2C,AU,https://microfog.com
Stratus Computing,LARGE,268306862,Fog Computing,B2B,BE,https://stratuscompute.com
CloudMist Systems,MEDIUM,13087414,Fog Computing,B2C,US,https://cloudmist.com
AeroFog Networks,MEDIUM,5304390,Fog Computing,B2C,KR,https://aerofog.com
SenseTouch Labs,MICRO,80404,Haptic Technology,B2C,DE,https://sensetouch.com
HapticXperience,MICRO,487050,Haptic Technology,B2C,HK,https://hapticxperience.hk
FeelTech Systems,MICRO,158506,Haptic Technology,B2C,GB,https://feeltech.com
Tactile Innovations,MICRO,207161,Haptic Technology,B2C,US,https://tactileinnovations.com
NeuroHaptics,SMALL,1021028,Haptic Technology,B2B,US,https://neurohaptics.com
ImmersiTouch,SMALL,2099308,Haptic Technology,B2C,JP,https://immersitouch.com
VirtualSense Tech,MICRO,294182,Haptic Technology,B2B,BE,https://virtualsense.com
Haptic Pulse,LARGE,246021906,Haptic Technology,B2C,CA,https://hapticpulse.com
TactaTech,SMALL,4116276,Haptic Technology,B2C,AT,https://tactatech.com
RealTouch Solutions,LARGE,223613456,Haptic Technology,B2C,HK,https://realtouch.hk
CyberTrace Labs,MEDIUM,36702767,Digital Forensics & Ethical Hacking,B2C,NL,https://cybertrace.com
ForensiTech Solutions,LARGE,335542944,Digital Forensics & Ethical Hacking,B2B,IT,https://forensitech.it
HackDefend Systems,MEDIUM,42153502,Digital Forensics & Ethical Hacking,B2C,US,https://hackdefend.us
TraceIntel,MEDIUM,40414434,Digital Forensics & Ethical Hacking,B2B,GB,https://traceintel.com
Ethical CyberSec,MEDIUM,42340016,Digital Forensics & Ethical Hacking,B2B,NZ,https://ethicalcybersec.com
DigitalCrackdown,MICRO,262827,Digital Forensics & Ethical Hacking,B2C,SE,https://digitalcrackdown.com
SecuForensics,LARGE,62100264,Digital Forensics & Ethical Hacking,B2B,CH,https://secuforensics.com
ThreatZero Solutions,SMALL,1549852,Digital Forensics & Ethical Hacking,B2C,NL,https://threatzero.com
Pentest Innovations,LARGE,113974606,Digital Forensics & Ethical Hacking,B2C,CA,https://pentestinnovations.com
DarkNet Insights,SMALL,2242060,Digital Forensics & Ethical Hacking,B2C,CH,https://darknetinsights.com
NeuroLink Systems,MEDIUM,31743492,Neurotechnology & Brain-Computer Interfaces,B2B,IL,https://neurolink.com
MindWave Tech,SMALL,3963214,Neurotechnology & Brain-Computer Interfaces,B2C,FI,https://mindwave.com
BrainSync Innovations,LARGE,174208868,Neurotechnology & Brain-Computer Interfaces,B2B,AE,https://brainsync.com
CerebraConnect,MEDIUM,43647009,Neurotechnology & Brain-Computer Interfaces,B2B,KR,https://cerebraconnect.com
Cognisense Labs,MEDIUM,41321182,Neurotechnology & Brain-Computer Interfaces,B2B,JP,https://cognisense.jp
NeuroPulse Technologies,SMALL,916299,Neurotechnology & Brain-Computer Interfaces,B2C,GB,https://neuropulse.com
Synapse AI,SMALL,4545836,Neurotechnology & Brain-Computer Interfaces,B2C,NL,https://synapseai.nl
NeuroSync Systems,LARGE,59210495,Neurotechnology & Brain-Computer Interfaces,B2B,DK,https://neurosync.com
CortexLink,MEDIUM,49206337,Neurotechnology & Brain-Computer Interfaces,B2C,IE,https://cortexlink.com
MindMesh Technologies,MICRO,126193,Neurotechnology & Brain-Computer Interfaces,B2B,SE,https://mindmesh.se
DeepFakery Labs,MICRO,334325,Synthetic Media & Deepfake Technology,B2B,SE,https://deepfakerylabs.com
SynthVision,MEDIUM,35787809,Synthetic Media & Deepfake Technology,B2B,GB,https://synthvision.com
AI Mirage Studios,MEDIUM,32882048,Synthetic Media & Deepfake Technology,B2B,US,https://aimiragestudios.com
RealSynth AI,SMALL,2234487,Synthetic Media & Deepfake Technology,B2C,SE,https://realsynth.se
HyperClone Media,MICRO,318417,Synthetic Media & Deepfake Technology,B2C,NL,https://hyperclonemedia.nl
DeepEcho Productions,LARGE,128044221,Synthetic Media & Deepfake Technology,B2B,CH,https://deepecho.com
SyntheticFrames,MICRO,409810,Synthetic Media & Deepfake Technology,B2C,ES,https://syntheticframes.com
IlluSynth Creations,SMALL,1260324,Synthetic Media & Deepfake Technology,B2B,US,https://illusynth.com
FauxReality Labs,MEDIUM,30155226,Synthetic Media & Deepfake Technology,B2B,FR,https://fauxrealitylabs.com
NeuralReplica,MICRO,301243,Synthetic Media & Deepfake Technology,B2C,IE,https://neuralreplica.com
AutoML Innovate,MICRO,77860,Automated Machine Learning,B2C,CN,https://automlinnovate.com
Machine Learning Forge,MICRO,85908,Automated Machine Learning,B2C,SE,https://mlforge.com
NeuralAutomate,SMALL,2832711,Automated Machine Learning,B2C,FI,https://neuralautomate.com
RapidAI Modelers,MEDIUM,12636239,Automated Machine Learning,B2B,DE,https://rapidaimodelers.com
SmartTrain AI,SMALL,3230137,Automated Machine Learning,B2B,US,https://smarttrain.com
DeepFlow Automate,MICRO,232854,Automated Machine Learning,B2C,NL,https://deepflowautomate.com
AI ModelSmiths,LARGE,258076263,Automated Machine Learning,B2C,NL,https://aimodelsmiths.nl
AutoTrain Systems,LARGE,97542929,Automated Machine Learning,B2B,CN,https://autotrainsystems.cn
NeuroTune AI,SMALL,1938294,Automated Machine Learning,B2C,NO,https://neurotune.com
SwiftML Labs,SMALL,3270530,Automated Machine Learning,B2B,KR,https://swiftmllabs.kr
ExplainAI Insights,LARGE,437495913,Explainable AI,B2C,LU,https://explainai.lu
AI Transparency Hub,MICRO,383990,Explainable AI,B2B,IL,https://aitransparencyhub.com
NeuroExplain Labs,LARGE,288866657,Explainable AI,B2C,NL,https://neuroexplainlabs.nl
GlassBox AI,LARGE,53150832,Explainable AI,B2B,JP,https://glassboxai.com
WhiteBox Neural,SMALL,4368433,Explainable AI,B2C,US,https://whiteboxneural.com
Interpreto AI,LARGE,177531357,Explainable AI,B2B,SE,https://interpreto.com
ClearMind AI,SMALL,753147,Explainable AI,B2C,IE,https://clearmindai.com
AI Rationale,LARGE,78944178,Explainable AI,B2B,FI,https://airationale.com
CognExplain Systems,MEDIUM,35210959,Explainable AI,B2B,US,https://cognexplain.com
LogicLayer AI,SMALL,2048346,Explainable AI,B2C,DK,https://logiclayerai.com
HiveMind Technologies,MEDIUM,43206780,Swarm Intelligence & Collective Computing,B2C,CN,https://hivemindtech.com
SwarmLogic Systems,MEDIUM,5400662,Swarm Intelligence & Collective Computing,B2C,US,https://swarmlogicsys.com
ColonyCompute,LARGE,102817196,Swarm Intelligence & Collective Computing,B2B,SG,https://colonycompute.com
NeuroSwarm AI,SMALL,1310369,Swarm Intelligence & Collective Computing,B2C,DK,https://neuroswarm.com
Synaptic Hive,MICRO,65046,Swarm Intelligence & Collective Computing,B2C,SE,https://synaptichive.com
ClusterBrain Analytics,SMALL,1511559,Swarm Intelligence & Collective Computing,B2B,NZ,https://clusterbrain.com
Cooperative AI Labs,MEDIUM,26359227,Swarm Intelligence & Collective Computing,B2C,LU,https://coopailabs.com
SwarmNet Innovations,LARGE,495217516,Swarm Intelligence & Collective Computing,B2B,GB,https://swarmnetinnovations.com
IntelliSwarm Solutions,LARGE,323795912,Swarm Intelligence & Collective Computing,B2C,US,https://intelliswarm.com
CollectiveIQ AI,LARGE,195944414,Swarm Intelligence & Collective Computing,B2B,NL,https://collectiveiq.com
CloudFusion Networks,LARGE,250345629,Hybrid Cloud & Multi-Cloud Solutions,B2B,DK,https://cloudfusionnet.com
StratoSync Solutions,MICRO,453572,Hybrid Cloud & Multi-Cloud Solutions,B2B,HK,https://stratosyncsolutions.com
NimbusGrid Technologies,MICRO,411216,Hybrid Cloud & Multi-Cloud Solutions,B2C,NL,https://nimbusgridtech.com
OmniCloud Systems,MICRO,199873,Hybrid Cloud & Multi-Cloud Solutions,B2C,CN,https://omnicloudsys.com
SkyBridge MultiCloud,LARGE,461987453,Hybrid Cloud & Multi-Cloud Solutions,B2C,AT,https://skybridgemc.at
HyperScale Cloudworks,MEDIUM,26216069,Hybrid Cloud & Multi-Cloud Solutions,B2B,CN,https://hyperscalecloud.com
AgileCloud Nexus,MICRO,469901,Hybrid Cloud & Multi-Cloud Solutions,B2B,SE,https://agilecloudnexus.com
MetaSphere Computing,LARGE,146504975,Hybrid Cloud & Multi-Cloud Solutions,B2C,DE,https://metaspherecomputing.com
PolyCloud Connect,SMALL,1133181,Hybrid Cloud & Multi-Cloud Solutions,B2C,CH,https://polycloudconnect.com
FusionEdge Cloud Services,LARGE,123270633,Hybrid Cloud & Multi-Cloud Solutions,B2B,SG,https://fusionedgecloud.com
LambdaScale,MEDIUM,39967702,Serverless Computing,B2B,FI,https://lambdascale.com
NanoCloudOps,LARGE,239199492,Serverless Computing,B2B,BE,https://nanocloudops.be
StatelessRun,SMALL,4496901,Serverless Computing,B2B,CH,https://statelessrun.com
InstantLambda,MICRO,213585,Serverless Computing,B2B,SE,https://instantlambda.com
AutoScaleX,SMALL,3706797,Serverless Computing,B2B,LU,https://autoscalex.com
ZeroInfra,SMALL,2603986,Serverless Computing,B2B,SG,https://zeroinfra.com
EdgeFunctions,LARGE,341249773,Serverless Computing,B2C,NO,https://edgefunctions.com
CloudlessTech,MEDIUM,7462103,Serverless Computing,B2C,AT,https://cloudlesstech.com
MicroserviceHub,SMALL,3168211,Serverless Computing,B2C,DE,https://microservicehub.com
EventDrivenSys,MICRO,106580,Serverless Computing,B2C,CH,https://eventdrivensys.com
CyberShield360,SMALL,3407954,Cyber-Resilience & Digital Risk Management,B2C,AT,https://cybershield360.com
FortiDefend,MICRO,212295,Cyber-Resilience & Digital Risk Management,B2B,CN,https://fortidefend.com
ResilientSec,MICRO,435985,Cyber-Resilience & Digital Risk Management,B2C,DE,https://resilientsec.de
DigitalFortress,SMALL,1955845,Cyber-Resilience & Digital Risk Management,B2C,SG,https://digitalfortress.com
PermaSecure,SMALL,3304086,Cyber-Resilience & Digital Risk Management,B2C,CH,https://permasecure.com
ThreatAdapt,SMALL,3294713,Cyber-Resilience & Digital Risk Management,B2C,CN,https://threatadapt.cn
AdaptiveRisk,MICRO,67946,Cyber-Resilience & Digital Risk Management,B2B,DK,https://adaptiverisk.com
CyberArmor,LARGE,438900780,Cyber-Resilience & Digital Risk Management,B2C,DK,https://cyberarmor.com
SecureContinuum,LARGE,459934807,Cyber-Resilience & Digital Risk Management,B2B,CA,https://securecontinuum.com
SafeHorizon,LARGE,327974615,Cyber-Resilience & Digital Risk Management,B2B,IL,https://safehorizon.com
AccessSentinel,SMALL,3582220,Identity & Access Management,B2C,CN,https://accesssentinel.com
AuthSync,SMALL,3812275,Identity & Access Management,B2C,SE,https://authsync.com
KeyFort,MEDIUM,17641789,Identity & Access Management,B2C,SE,https://keyfort.com
ZeroTrustID,SMALL,564965,Identity & Access Management,B2B,SE,https://zerotrustid.com
IdentityVault,MEDIUM,6342275,Identity & Access Management,B2C,EE,https://identityvault.com
IAMShield,LARGE,267762370,Identity & Access Management,B2B,CA,https://iamshield.com
KeyGuardX,LARGE,181280350,Identity & Access Management,B2C,KR,https://keyguardx.com
SecureAuthen,SMALL,4714992,Identity & Access Management,B2B,IE,https://secureauthen.com
TrustBridge,MICRO,472973,Identity & Access Management,B2C,NL,https://trustbridge.com
BioAccessX,MICRO,245518,Identity & Access Management,B2B,CA,https://bioaccessx.com
XRVerse,MICRO,163282,Extended Reality Ecosystems,B2C,US,https://xrverse.com
ImmersiTech,MICRO,271119,Extended Reality Ecosystems,B2C,DE,https://immersitech.de
HoloHorizon,SMALL,3665108,Extended Reality Ecosystems,B2C,KR,https://holohorizon.com
Augmenta,SMALL,3173311,Extended Reality Ecosystems,B2C,JP,https://augmenta.jp
VisionSphere,SMALL,2315203,Extended Reality Ecosystems,B2B,US,https://visionsphere.com
MetaScape,SMALL,1694445,Extended Reality Ecosystems,B2B,PT,https://metascape.com
VividReality,MICRO,414084,Extended Reality Ecosystems,B2B,HK,https://vividreality.com
NeoSim,MICRO,491735,Extended Reality Ecosystems,B2C,GB,https://neosim.com
InfiniteXR,SMALL,1612332,Extended Reality Ecosystems,B2B,SE,https://infinitexr.com
SensoryLink,MICRO,270923,Extended Reality Ecosystems,B2C,JP,https://sensorylink.com
ChatNova,MICRO,454558,Conversational AI & Chatbots,B2B,CN,https://chatnova.com
AIChatter,MEDIUM,27482985,Conversational AI & Chatbots,B2B,US,https://aichatter.com
BotFlow,MEDIUM,46908915,Conversational AI & Chatbots,B2C,DK,https://botflow.com
TalkSync,MICRO,467317,Conversational AI & Chatbots,B2C,DE,https://talksync.com
ConversoAI,MICRO,61476,Conversational AI & Chatbots,B2C,FR,https://conversoai.com
VocalBotics,SMALL,1119893,Conversational AI & Chatbots,B2C,SG,https://vocalbotics.com
LinguaAI,MEDIUM,35226415,Conversational AI & Chatbots,B2C,CA,https://linguaai.com
EchoMind,MICRO,114844,Conversational AI & Chatbots,B2C,FI,https://echomind.com
Dialogix,MEDIUM,9696267,Conversational AI & Chatbots,B2C,FR,https://dialogix.com
AIParley,MEDIUM,32415644,Conversational AI & Chatbots,B2B,US,https://aiparley.us
DecentraMind,MICRO,163520,Federated Learning & Decentralized AI,B2C,IT,https://decentramind.it
AICollective,LARGE,268812073,Federated Learning & Decentralized AI,B2B,NL,https://aicollective.com
FederAI,SMALL,1402470,Federated Learning & Decentralized AI,B2B,KR,https://federai.com
SynapNet,MICRO,190680,Federated Learning & Decentralized AI,B2B,IS,https://synapnet.is
Cognichain,MICRO,430546,Federated Learning & Decentralized AI,B2C,CN,https://cognichain.com
NeuroMesh,MEDIUM,37427554,Federated Learning & Decentralized AI,B2B,FI,https://neuromesh.com
AIConsensus,SMALL,3164070,Federated Learning & Decentralized AI,B2B,JP,https://aiconsensus.jp
PrivAI,MEDIUM,10079841,Federated Learning & Decentralized AI,B2C,CA,https://privai.ca
DistributedGenius,SMALL,2492394,Federated Learning & Decentralized AI,B2C,AU,https://distributedgenius.au
EdgeMind,MEDIUM,32449199,Federated Learning & Decentralized AI,B2C,KR,https://edgemind.com
SovereignID Systems,LARGE,479323474,Data Sovereignty & Digital Identity Solutions,B2B,GB,https://sovereignid.gb
DigiLock Identity,MICRO,147784,Data Sovereignty & Digital Identity Solutions,B2B,FR,https://digilockidentity.com
TrustVault Solutions,MICRO,348923,Data Sovereignty & Digital Identity Solutions,B2C,GB,https://trustvault.com
PrivacyChain Labs,LARGE,128274987,Data Sovereignty & Digital Identity Solutions,B2C,DK,https://privacychain.com
IdentityShield AI,SMALL,2548123,Data Sovereignty & Digital Identity Solutions,B2C,AU,https://identityshield.au
BlockAuth Technologies,LARGE,174225371,Data Sovereignty & Digital Identity Solutions,B2B,FI,https://blockauth.com
VeriPersona,MICRO,308908,Data Sovereignty & Digital Identity Solutions,B2C,JP,https://veripersona.com
SecuraID Solutions,SMALL,1855343,Data Sovereignty & Digital Identity Solutions,B2B,HK,https://securaid.com
DigitalTrust Gateway,MEDIUM,21602705,Data Sovereignty & Digital Identity Solutions,B2C,DE,https://digitaltrustgateway.com
SafeKey Digital,LARGE,60184887,Data Sovereignty & Digital Identity Solutions,B2C,US,https://safekey.com
DeFi Nexus,SMALL,2915091,Smart Contracts & Decentralized Finance,B2C,IE,https://definexus.ie
SmartLedger Systems,MEDIUM,13005085,Smart Contracts & Decentralized Finance,B2C,US,https://smartledger.us
ChainFund Solutions,SMALL,3216749,Smart Contracts & Decentralized Finance,B2C,KR,https://chainfund.kr
CryptoYield Strategies,MICRO,350413,Smart Contracts & Decentralized Finance,B2B,US,https://cryptoyield.com
TokenTrust Finance,LARGE,256933729,Smart Contracts & Decentralized Finance,B2C,CH,https://tokentrust.com
AutoSwap Protocol,MEDIUM,16318877,Smart Contracts & Decentralized Finance,B2B,DK,https://autoswap.dk
DeFiFortress,MICRO,136340,Smart Contracts & Decentralized Finance,B2C,CN,https://defifortress.com
EthTrust Smart,MICRO,422385,Smart Contracts & Decentralized Finance,B2B,FR,https://ethtrust.com
SecureDeFi Network,SMALL,594036,Smart Contracts & Decentralized Finance,B2B,IE,https://securedefi.com
BlockWealth Solutions,MICRO,223756,Smart Contracts & Decentralized Finance,B2C,IL,https://blockwealth.com
ZeroShield Security,MEDIUM,6448407,Zero Trust Architecture,B2B,EE,https://zeroshield.com
TrustlessGate,MICRO,45695,Zero Trust Architecture,B2B,JP,https://trustlessgate.com
PerimeterZero,LARGE,462203275,Zero Trust Architecture,B2B,AT,https://perimeterzero.com
ZTrust Tech,MICRO,121644,Zero Trust Architecture,B2C,GB,https://ztrust.com
ZeroPerimeter Systems,LARGE,310391304,Zero Trust Architecture,B2C,GB,https://zeroperimeter.com
AuthZero Solutions,LARGE,68792842,Zero Trust Architecture,B2B,IS,https://authzero.com
SecureAccess AI,LARGE,213607628,Zero Trust Architecture,B2B,CN,https://secureaccess.com
BeyondWall Security,MICRO,318998,Zero Trust Architecture,B2B,LU,https://beyondwall.com
VerifyFirst Technologies,SMALL,1705305,Zero Trust Architecture,B2C,SE,https://verifyfirst.com
TrustZero Cyber,MEDIUM,23699169,Zero Trust Architecture,B2C,CH,https://trustzero.ch
FundHive,MEDIUM,34433917,Crowdfunding & Tokenization Platforms,B2C,CN,https://fundhive.com
TokenSpring,LARGE,370588567,Crowdfunding & Tokenization Platforms,B2B,SE,https://tokenspring.se
CrowdNest,MEDIUM,45967485,Crowdfunding & Tokenization Platforms,B2C,KR,https://crowdnest.com
RaiseSphere,MEDIUM,37097639,Crowdfunding & Tokenization Platforms,B2B,FR,https://raisesphere.com
CryptoPatron,MEDIUM,48781380,Crowdfunding & Tokenization Platforms,B2C,GB,https://cryptopatron.com
FundMosaic,LARGE,247791333,Crowdfunding & Tokenization Platforms,B2B,DE,https://fundmosaic.com
BlockBoost,MEDIUM,23390235,Crowdfunding & Tokenization Platforms,B2B,CH,https://blockboost.com
InvestWave,MICRO,12934,Crowdfunding & Tokenization Platforms,B2C,GB,https://investwave.com
CrowdCatalyst,LARGE,111780981,Crowdfunding & Tokenization Platforms,B2C,AT,https://crowdcatalyst.com
TokenElevate,SMALL,4355449,Crowdfunding & Tokenization Platforms,B2C,GB,https://tokenelevate.com
RoboSynch,MEDIUM,24833951,AI-Driven Robotics & Collaborative Robots,B2B,US,https://robosynch.com
MechaFlow,LARGE,390734689,AI-Driven Robotics & Collaborative Robots,B2C,DK,https://mechaflow.com
AutoColab,LARGE,410571795,AI-Driven Robotics & Collaborative Robots,B2C,GB,https://autocolab.com
RoboUnity,LARGE,469680983,AI-Driven Robotics & Collaborative Robots,B2B,NL,https://robounity.nl
NeuroBotix,LARGE,442245318,AI-Driven Robotics & Collaborative Robots,B2C,IL,https://neurobotix.com
MachinaEdge,MICRO,65207,AI-Driven Robotics & Collaborative Robots,B2B,GB,https://machinaedge.com
CogniMech,MEDIUM,6505812,AI-Driven Robotics & Collaborative Robots,B2B,NL,https://cognimech.com
SynerBot,MICRO,171253,AI-Driven Robotics & Collaborative Robots,B2B,IS,https://synerbot.com
Colabotics,MICRO,68551,AI-Driven Robotics & Collaborative Robots,B2B,FR,https://colabotics.com
AutoSynergy,MEDIUM,23494264,AI-Driven Robotics & Collaborative Robots,B2B,FR,https://autosynergy.fr
GenAIStudio,MEDIUM,35241836,Generative AI & AI-Generated Content,B2C,NO,https://genaistudio.com
DeepCreate,MICRO,215728,Generative AI & AI-Generated Content,B2C,CH,https://deepcreate.com
AIArtisan,MEDIUM,25955802,Generative AI & AI-Generated Content,B2B,CH,https://aiartisan.com
SynthWorks,MICRO,475656,Generative AI & AI-Generated Content,B2B,DE,https://synthworks.com
NeuralMosaic,MEDIUM,7260473,Generative AI & AI-Generated Content,B2B,FR,https://neuralmosaic.com
DreamWeaveAI,MICRO,275512,Generative AI & AI-Generated Content,B2B,LU,https://dreamweave.com
AutoNarrate,MEDIUM,32072285,Generative AI & AI-Generated Content,B2C,NO,https://autonarrate.com
ImagineBot,SMALL,4621158,Generative AI & AI-Generated Content,B2B,CA,https://imaginebot.com
AIVisions,MICRO,465613,Generative AI & AI-Generated Content,B2C,NL,https://aivisions.com
HyperGen,SMALL,2036513,Generative AI & AI-Generated Content,B2C,CZ,https://hypergen.com
AutoMend AI,SMALL,4111008,Self-Healing Systems & Predictive Maintenance,B2C,NZ,https://automendai.nz
RepairSense,MEDIUM,10046747,Self-Healing Systems & Predictive Maintenance,B2C,LU,https://repairsense.com
SelfFix Systems,MICRO,186318,Self-Healing Systems & Predictive Maintenance,B2C,IS,https://selffixsystems.com
PredictiCore,LARGE,271894235,Self-Healing Systems & Predictive Maintenance,B2B,JP,https://predicticore.jp
SmartHeal Analytics,SMALL,4803245,Self-Healing Systems & Predictive Maintenance,B2B,LU,https://smarthealanalytics.com
FixGenius,LARGE,169419640,Self-Healing Systems & Predictive Maintenance,B2B,SG,https://fixgenius.com
AutoCure AI,MICRO,189506,Self-Healing Systems & Predictive Maintenance,B2C,DE,https://autocureai.com
RegenTech Solutions,MEDIUM,28396071,Self-Healing Systems & Predictive Maintenance,B2B,US,https://regentech.com
MendAI Labs,SMALL,2783261,Self-Healing Systems & Predictive Maintenance,B2B,CN,https://mendailabs.com
NeuroFix Systems,MICRO,417850,Self-Healing Systems & Predictive Maintenance,B2C,CN,https://neurofixsystems.com
AutoThink AI,LARGE,276989648,Hyperautomation & Cognitive Automation,B2B,IE,https://autothink.ie
HyperBotics,LARGE,459201847,Hyperautomation & Cognitive Automation,B2C,JP,https://hyperbotics.com
CogniFlow,LARGE,480297044,Hyperautomation & Cognitive Automation,B2B,JP,https://cogniflow.com
Infinite Automate,MICRO,434336,Hyperautomation & Cognitive Automation,B2B,CA,https://infiniteautomate.com
NeuroFIbres,MEDIUM,49477146,Hyperautomation & Cognitive Automation,B2B,CH,https://neurofibres.com
AIOrchestrate,SMALL,2871898,Hyperautomation & Cognitive Automation,B2C,DE,https://aiorchestrate.com
SynaptiFlow,MICRO,262220,Hyperautomation & Cognitive Automation,B2B,SG,https://synaptiflow.com
AutoMinds,SMALL,3825260,Hyperautomation & Cognitive Automation,B2B,IS,https://autominds.com
MindMesh Automation,MEDIUM,48691317,Hyperautomation & Cognitive Automation,B2B,LU,https://mindmesh.com
Cognitive Ops,LARGE,353922972,Hyperautomation & Cognitive Automation,B2C,AU,https://cognitiveops.au
MediAI Health,SMALL,1949016,Digital Therapeutics & Telemedicine AI,B2C,NL,https://mediaihealth.com
TheraBotix,SMALL,2640339,Digital Therapeutics & Telemedicine AI,B2C,IE,https://therabotix.com
CuraSense,SMALL,3501830,Digital Therapeutics & Telemedicine AI,B2B,NZ,https://curasense.com
NeuroMedix,MICRO,352590,Digital Therapeutics & Telemedicine AI,B2C,SG,https://neuromedix.com
AI WellCare,LARGE,469765559,Digital Therapeutics & Telemedicine AI,B2C,FI,https://aiwellcare.com
TeleCure AI,LARGE,62610097,Digital Therapeutics & Telemedicine AI,B2B,CA,https://telecure.ca
DigiThera Health,MICRO,264499,Digital Therapeutics & Telemedicine AI,B2C,DK,https://digitherahealth.com
MindHeal Tech,LARGE,81499737,Digital Therapeutics & Telemedicine AI,B2B,DK,https://mindhealtech.com
SympTrack AI,SMALL,3076101,Digital Therapeutics & Telemedicine AI,B2C,DE,https://symptrack.com
WellBot TeleHealth,MICRO,274340,Digital Therapeutics & Telemedicine AI,B2C,DE,https://wellbottelehealth.com
SkyNet Drones,LARGE,242397031,Autonomous Drone Technology,B2C,CA,https://skynetdrones.com
AeroVision AI,MEDIUM,20450605,Autonomous Drone Technology,B2B,SG,https://aerovision.com
HoverTech Systems,MEDIUM,31927958,Autonomous Drone Technology,B2B,KR,https://hovertechsystems.com
QuantumFlight Robotics,LARGE,94181377,Autonomous Drone Technology,B2B,JP,https://quantumflight.com
Nimbus Aerial,MEDIUM,17541680,Autonomous Drone Technology,B2C,FR,https://nimbusaerial.com
HawkEye UAV,SMALL,2597522,Autonomous Drone Technology,B2B,SE,https://hawkeye-uav.com
Aether DroneTech,SMALL,2483671,Autonomous Drone Technology,B2C,IL,https://aetherdronetech.com
FalconFly AI,MEDIUM,21395150,Autonomous Drone Technology,B2B,CA,https://falconfly.ca
CloudWing Systems,MEDIUM,40475191,Autonomous Drone Technology,B2C,JP,https://cloudwing.jp
OrbitX Robotics,SMALL,630720,Autonomous Drone Technology,B2C,JP,https://orbitxrobotics.com
NextGen Automation,LARGE,321776016,Smart Factories & Industry 4.0,B2C,CH,https://nextgenautomation.com
FactoryMind AI,MEDIUM,32407356,Smart Factories & Industry 4.0,B2B,CA,https://factorymind.com
CyberFab Systems,MICRO,407185,Smart Factories & Industry 4.0,B2C,CA,https://cyberfab.com
SmartForge Technologies,LARGE,62281609,Smart Factories & Industry 4.0,B2B,DK,https://smartforge.dk
PrecisionAI Manufacturing,MEDIUM,31209661,Smart Factories & Industry 4.0,B2B,GB,https://precisionai.com
AutoFab Solutions,SMALL,3515384,Smart Factories & Industry 4.0,B2B,US,https://autofabsolutions.com
MechaSync Robotics,SMALL,2037815,Smart Factories & Industry 4.0,B2B,HK,https://mechasyncrobotics.com
HyperFlow Automation,SMALL,4617025,Smart Factories & Industry 4.0,B2B,DK,https://hyperflowautomation.dk
IndustriEdge AI,MICRO,237934,Smart Factories & Industry 4.0,B2B,US,https://industriege.com
NeuroFab Labs,LARGE,314397630,Smart Factories & Industry 4.0,B2B,CN,https://neurofablabs.com
HyperTarget AI,SMALL,2437158,AI-Powered Personalization & Recommendation Systems,B2B,CH,https://hypertarget.com
RecomGenie,MEDIUM,28515330,AI-Powered Personalization & Recommendation Systems,B2B,KR,https://recomgenie.com
NeuralChoice Systems,MICRO,449697,AI-Powered Personalization & Recommendation Systems,B2C,CH,https://neuralchoice.com
PerceptiveAI,SMALL,4189162,AI-Powered Personalization & Recommendation Systems,B2B,AU,https://perceptive.com
InsightX Personalization,MICRO,439950,AI-Powered Personalization & Recommendation Systems,B2C,IL,https://insightxpersonalization.il
SmartSuggest AI,LARGE,193343859,AI-Powered Personalization & Recommendation Systems,B2C,DE,https://smartsuggest.com
DeepAffinity Tech,LARGE,444798313,AI-Powered Personalization & Recommendation Systems,B2C,AT,https://deepaffinity.com
TailorMade AI,MICRO,340511,AI-Powered Personalization & Recommendation Systems,B2B,NL,https://tailormade.nl
PersonaCraft,LARGE,99799496,AI-Powered Personalization & Recommendation Systems,B2C,KR,https://personacraft.com
SynapseRecs,LARGE,460639408,AI-Powered Personalization & Recommendation Systems,B2C,AU,https://synapserecs.com
OrbitalLink,MEDIUM,32395468,Satellite-Based Internet & Global Connectivity,B2B,AT,https://orbitallink.com
CelestiaNet,MEDIUM,49293175,Satellite-Based Internet & Global Connectivity,B2C,SG,https://celestianet.com
StarWave Broadband,SMALL,943772,Satellite-Based Internet & Global Connectivity,B2C,CH,https://starwave.com
SkyBridge Connect,MICRO,476463,Satellite-Based Internet & Global Connectivity,B2C,NL,https://skybridgeconnect.com
ExoComm Networks,MICRO,280484,Satellite-Based Internet & Global Connectivity,B2B,IT,https://exocomm.com
AetherLink Systems,LARGE,488004345,Satellite-Based Internet & Global Connectivity,B2B,JP,https://aetherlink.com
NovaBeam Communications,MICRO,422862,Satellite-Based Internet & Global Connectivity,B2C,KR,https://novabeam.com
StratosSync,MEDIUM,14150088,Satellite-Based Internet & Global Connectivity,B2B,DE,https://stratossync.com
AstroGrid Internet,MICRO,450786,Satellite-Based Internet & Global Connectivity,B2C,NL,https://astrogrid.com
GalactiNet Solutions,LARGE,422216635,Satellite-Based Internet & Global Connectivity,B2B,NO,https://galactinet.no
BioSecureID,MICRO,47302,Biometric Security & Behavioral Authentication,B2C,DE,https://biosecureid.de
NeuroPass Systems,LARGE,409471714,Biometric Security & Behavioral Authentication,B2C,LU,https://neuropass.com
VeriPalm Tech,MEDIUM,33907802,Biometric Security & Behavioral Authentication,B2C,BE,https://veripalm.com
IrisTrust Security,LARGE,160243172,Biometric Security & Behavioral Authentication,B2C,JP,https://iristrust.com
PrintLock Solutions,MEDIUM,41203116,Biometric Security & Behavioral Authentication,B2B,CH,https://printlock.com
VoiceKey Auth,MICRO,91985,Biometric Security & Behavioral Authentication,B2C,JP,https://voicekey.com
GaitGuard Technologies,MEDIUM,13185921,Biometric Security & Behavioral Authentication,B2B,AU,https://gaitguard.com
EchoVerify Security,MEDIUM,46326385,Biometric Security & Behavioral Authentication,B2B,EE,https://echoverify.com
SynapseScan ID,SMALL,2061823,Biometric Security & Behavioral Authentication,B2C,NO,https://synapsescan.com
PulseCode Access,LARGE,240934928,Biometric Security & Behavioral Authentication,B2B,SG,https://pulsecode.com
